<?xml version="1.0"?>
<projectProfile type="default" version="1.12.18">
  <projectDirectory>
    <projectProfileFile filesystemName=".zfproject.xml"/>
    <applicationDirectory classNamePrefix="Application_">
      <configsDirectory>
        <applicationConfigFile type="ini"/>
      </configsDirectory>
      <controllersDirectory>
        <controllerFile controllerName="Index">
          <actionMethod actionName="index"/>
          <actionMethod actionName="checkinint"/>
          <actionMethod actionName="registrautente"/>
          <actionMethod actionName="loginutente"/>
          <actionMethod actionName="faq"/>
        </controllerFile>
        <controllerFile controllerName="Error"/>
        <controllerFile controllerName="Livello1">
          <actionMethod actionName="index"/>
          <actionMethod actionName="checkin"/>
          <actionMethod actionName="checkinb"/>
          <actionMethod actionName="checkinint"/>
          <actionMethod actionName="segnalazione"/>
          <actionMethod actionName="caricamappasegnalazione"/>
          <actionMethod actionName="visualizzafuga"/>
          <actionMethod actionName="modificadatiutente"/>
        </controllerFile>
        <controllerFile controllerName="Livello2">
          <actionMethod actionName="index"/>
          <actionMethod actionName="dashboard"/>
        </controllerFile>
        <controllerFile controllerName="Livello3">
          <actionMethod actionName="index"/>
          <actionMethod actionName="modificaFaq"/>
          <actionMethod actionName="gestioneedifici"/>
          <actionMethod actionName="gestionepianifuga"/>
          <actionMethod actionName="gestionefaq"/>
          <actionMethod actionName="gestioneutenti"/>
          <actionMethod actionName="modificafaq"/>
          <actionMethod actionName="creafaq"/>
          <actionMethod actionName="creautente"/>
          <actionMethod actionName="modificautente"/>
          <actionMethod actionName="inserisciedificio"/>
          <actionMethod actionName="modificadatiutente"/>
          <actionMethod actionName="inseriscipiano"/>
          <actionMethod actionName="modificapiano"/>
          <actionMethod actionName="gestionezone"/>
        </controllerFile>
        <controllerFile controllerName="FaqController">
          <actionMethod actionName="index"/>
        </controllerFile>
        <controllerFile controllerName="Faq">
          <actionMethod actionName="index"/>
        </controllerFile>
        <controllerFile controllerName="Dashboard">
          <actionMethod actionName="index"/>
        </controllerFile>
        <controllerFile controllerName="Indirizza">
          <actionMethod actionName="index"/>
        </controllerFile>
      </controllersDirectory>
      <formsDirectory>
        <formFile formName="Selezionapiano"/>
        <formFile formName="Selezionastanza"/>
        <formFile formName="Html"/>
        <formFile formName="Loginform"/>
        <formFile formName="Registratiform"/>
        <formFile formName="Segnalaform"/>
        <formFile formName="ModificaFaq"/>
        <formFile formName="Evacuazioneform"/>
        <formFile formName="Gestioneedificio"/>
        <formFile formName="Gestionepiano"/>
        <formFile formName="Gestionezone"/>
        <formFile formName="Nuovopdf"/>
        <formFile formName="Inseriscizone"/>
      </formsDirectory>
      <layoutsDirectory>
        <layoutScriptsDirectory>
          <layoutScriptFile layoutName="layout"/>
        </layoutScriptsDirectory>
      </layoutsDirectory>
      <modelsDirectory>
        <modelFile modelName="Segnalazione"/>
        <dbTableDirectory>
          <dbTableFile dbTableName="Segnalazione"/>
          <dbTableFile dbTableName="Faq"/>
        </dbTableDirectory>
        <modelFile modelName="Faq"/>
        <modelFile modelName="Acl"/>
      </modelsDirectory>
      <modulesDirectory enabled="false"/>
      <servicesDirectory enabled="false"/>
      <viewsDirectory>
        <viewScriptsDirectory>
          <viewControllerScriptsDirectory forControllerName="Index">
            <viewScriptFile forActionName="index"/>
          </viewControllerScriptsDirectory>
          <viewControllerScriptsDirectory forControllerName="Error">
            <viewScriptFile forActionName="error"/>
          </viewControllerScriptsDirectory>
          <viewControllerScriptsDirectory forControllerName="Livello1">
            <viewScriptFile forActionName="index"/>
          </viewControllerScriptsDirectory>
          <viewControllerScriptsDirectory forControllerName="Livello1">
            <viewScriptFile forActionName="checkin"/>
          </viewControllerScriptsDirectory>
          <viewControllerScriptsDirectory forControllerName="Livello1">
            <viewScriptFile forActionName="checkinb"/>
          </viewControllerScriptsDirectory>
          <viewControllerScriptsDirectory forControllerName="Livello2">
            <viewScriptFile forActionName="index"/>
          </viewControllerScriptsDirectory>
          <viewControllerScriptsDirectory forControllerName="Livello3">
            <viewScriptFile forActionName="index"/>
          </viewControllerScriptsDirectory>
          <viewControllerScriptsDirectory forControllerName="FaqController">
            <viewScriptFile forActionName="index"/>
          </viewControllerScriptsDirectory>
          <viewControllerScriptsDirectory forControllerName="Faq">
            <viewScriptFile forActionName="index"/>
          </viewControllerScriptsDirectory>
          <viewControllerScriptsDirectory forControllerName="Dashboard">
            <viewScriptFile forActionName="index"/>
          </viewControllerScriptsDirectory>
          <viewControllerScriptsDirectory forControllerName="Livello2">
            <viewScriptFile forActionName="dashboard"/>
          </viewControllerScriptsDirectory>
          <viewControllerScriptsDirectory forControllerName="Index">
            <viewScriptFile forActionName="checkinint"/>
          </viewControllerScriptsDirectory>
          <viewControllerScriptsDirectory forControllerName="Livello1">
            <viewScriptFile forActionName="checkinint"/>
          </viewControllerScriptsDirectory>
          <viewControllerScriptsDirectory forControllerName="Livello1">
            <viewScriptFile forActionName="segnalazione"/>
          </viewControllerScriptsDirectory>
          <viewControllerScriptsDirectory forControllerName="Livello1">
            <viewScriptFile forActionName="caricamappasegnalazione"/>
          </viewControllerScriptsDirectory>
          <viewControllerScriptsDirectory forControllerName="Livello3">
            <viewScriptFile forActionName="modificaFaq"/>
          </viewControllerScriptsDirectory>
          <viewControllerScriptsDirectory forControllerName="Index">
            <viewScriptFile forActionName="gestioneedifici"/>
          </viewControllerScriptsDirectory>
          <viewControllerScriptsDirectory forControllerName="Livello3">
            <viewScriptFile forActionName="gestioneedifici"/>
          </viewControllerScriptsDirectory>
          <viewControllerScriptsDirectory forControllerName="Livello3">
            <viewScriptFile forActionName="gestionepianifuga"/>
          </viewControllerScriptsDirectory>
          <viewControllerScriptsDirectory forControllerName="Livello3">
            <viewScriptFile forActionName="gestionefaq"/>
          </viewControllerScriptsDirectory>
          <viewControllerScriptsDirectory forControllerName="Livello3">
            <viewScriptFile forActionName="gestioneutenti"/>
          </viewControllerScriptsDirectory>
          <viewControllerScriptsDirectory forControllerName="Livello3">
            <viewScriptFile forActionName="modificafaq"/>
          </viewControllerScriptsDirectory>
          <viewControllerScriptsDirectory forControllerName="Livello3">
            <viewScriptFile forActionName="creafaq"/>
          </viewControllerScriptsDirectory>
          <viewControllerScriptsDirectory forControllerName="Livello3">
            <viewScriptFile forActionName="modificautente"/>
          </viewControllerScriptsDirectory>
          <viewControllerScriptsDirectory forControllerName="Livello1">
            <viewScriptFile forActionName="visualizzafuga"/>
          </viewControllerScriptsDirectory>
          <viewControllerScriptsDirectory forControllerName="Livello1">
            <viewScriptFile forActionName="modificadatiutente"/>
          </viewControllerScriptsDirectory>
          <viewControllerScriptsDirectory forControllerName="Indirizza">
            <viewScriptFile forActionName="index"/>
          </viewControllerScriptsDirectory>
          <viewControllerScriptsDirectory forControllerName="Index">
            <viewScriptFile forActionName="faq"/>
          </viewControllerScriptsDirectory>
          <viewControllerScriptsDirectory forControllerName="Livello3">
            <viewScriptFile forActionName="inserisciedificio"/>
          </viewControllerScriptsDirectory>
          <viewControllerScriptsDirectory forControllerName="Livello3">
            <viewScriptFile forActionName="modificadatiutente"/>
          </viewControllerScriptsDirectory>
          <viewControllerScriptsDirectory forControllerName="Livello3">
            <viewScriptFile forActionName="inseriscipiano"/>
          </viewControllerScriptsDirectory>
          <viewControllerScriptsDirectory forControllerName="Livello3">
            <viewScriptFile forActionName="modificapiano"/>
          </viewControllerScriptsDirectory>
          <viewControllerScriptsDirectory forControllerName="Livello3">
            <viewScriptFile forActionName="gestionezone"/>
          </viewControllerScriptsDirectory>
        </viewScriptsDirectory>
        <viewHelpersDirectory/>
        <viewFiltersDirectory enabled="false"/>
      </viewsDirectory>
      <bootstrapFile filesystemName="Bootstrap.php"/>
    </applicationDirectory>
    <dataDirectory enabled="false">
      <cacheDirectory enabled="false"/>
      <searchIndexesDirectory enabled="false"/>
      <localesDirectory enabled="false"/>
      <logsDirectory enabled="false"/>
      <sessionsDirectory enabled="false"/>
      <uploadsDirectory enabled="false"/>
    </dataDirectory>
    <docsDirectory>
      <file filesystemName="README.txt"/>
    </docsDirectory>
    <libraryDirectory>
      <zfStandardLibraryDirectory enabled="false"/>
    </libraryDirectory>
    <publicDirectory>
      <publicStylesheetsDirectory enabled="false"/>
      <publicScriptsDirectory enabled="false"/>
      <publicImagesDirectory enabled="false"/>
      <publicIndexFile filesystemName="index.php"/>
      <htaccessFile filesystemName=".htaccess"/>
    </publicDirectory>
    <projectProvidersDirectory enabled="false"/>
    <temporaryDirectory enabled="false"/>
    <testsDirectory>
      <testPHPUnitConfigFile filesystemName="phpunit.xml"/>
      <testPHPUnitBootstrapFile filesystemName="bootstrap.php"/>
      <testApplicationDirectory>
        <testApplicationControllerDirectory>
          <testApplicationControllerFile forControllerName="Index"/>
          <testApplicationControllerFile forControllerName="FaqController">
            <testApplicationActionMethod forActionName="index"/>
          </testApplicationControllerFile>
          <testApplicationControllerFile forControllerName="Faq">
            <testApplicationActionMethod forActionName="index"/>
          </testApplicationControllerFile>
        </testApplicationControllerDirectory>
      </testApplicationDirectory>
      <testLibraryDirectory/>
    </testsDirectory>
  </projectDirectory>
</projectProfile>
